Name;Summit_Nr;FK_Area
Pilzwand;1;1
Ratsleitenturm;2;1
Struppengrundkegel;3;1
Rhombus;4;1
Bärensteinscheibe;5;1
Bärensteinwächter;6;1
Thürmsdorfer Stein;7;1
Bärensteinwarte;8;1
Drei Bären;9;1
Bärensteinklotz;10;1
Berg-Heil-Scheibe;11;1
Bärensteinnadel;12;1
Bärensteinturm;13;1
Riegelkopf;14;1
Khan;14;1
Conradturm;15;1
Dreizack;16;1
Knöchel;17;1
Rauensteinkopf;18;1
Dreifreundestein;19;1
Khedive;20;1
Rauensteinspitze;21;1
Rauensteinturm;22;1
Panoramascheibe;23;1
Rauensteinwächter;24;1
Nonne;25;1
Laasenturm;26;1
Heini;27;1
Liliensteinwächter;28;1
Liliensteinnadel;29;1
Spanghornturm;30;1
Teichwächter;31;1
Kiefernturm;32;1
Labyrinthwächter;33;1
Schiefer Block;34;1
Pfingstnadel;35;1
Pfingstkegel;36;1
Nikolsdorfer Turm;37;1
Nikolsdorfer Nadel;38;1
Kubus;39;1
Frosch;40;1
Barriere;41;1
Vergessener Turm;42;1
Stelzchenkegel;43;1
Enkel;44;1
Quirlwächter;45;1
Dreikanter;47;1
Einsiedler;48;1
Bundesfels;49;1
Glatter Turm;50;1
Nordturm;51;1
Nordkopf;52;1
Haselmaus;53;1
Raue Zinne;54;1
Pfaffenschluchtspitze, Nördliche;55;1
Dreimännerturm;56;1
Hintere Abendwand;57;1
Abendwand;58;1
Nasse-Schlucht-Turm;59;1
Ratte;60;1
Bilch;61;1
Einsamer Ritter;62;1
Wolfswand;63;1
Pfaffenschluchtspitze, Südliche;64;1
Junggeselle;65;1
Julikopf;66;1
Berglerturm;67;1
Toter Zwerg;68;1
Buchfinkenturm;69;1
Peterskirche;70;1
Jäckelfels;71;1
Schildkröte;72;1
Hafersack;73;1
Wilder Turm;74;1
Orgelpfeifenwand;75;1
Fritschfels;76;1
Stiller Turm;77;1
Vierling;78;1
Quader;79;1
Königsspitze;80;1
Keilerturm;81;1
Förster;82;1
Pfaffenhütchen;83;1
Zwillinge;84;1
Klamotte;85;1
Muselmann;86;1
Steinerne Scheune;87;1
Abgetrennte Wand;88;1
Narrenkappe;89;1
Zwerg;90;1
Gohrischscheibe;91;1
Findling;92;1
Papst;93;1
Hunskirche, Kleine;94;1
Hunskirche, Große;95;1
Räuberhöhlenturm;96;1
Bruchwächter;98;1
Kleingießhübler Turm;98;1
Schmale Wand;99;1
Zschirnsteinwächter;100;1
Zschirnsteinwarte;101;1
Winkelblock;103;1
Rentnerturm;103;1
Wackelstein;104;1
Zschirnsteinturm, Kleiner;105;1
Zschirnsteinturm, Großer;106;1
Rotsteinkegel;107;1
Maus;108;1
Dicke Berta;109;1
Cunnersdorfer Nadel;110;1
Lampertshorn;111;1
Königstein;112;1
Lilienstein-Westecke;113;1
Großer Zschirnstein;114;1
Brausenstein;1;2
Topograph;2;2
Gnom;3;2
Waldkapelle;4;2
Bielaturm, Vorderer;5;2
Bielaturm, Hinterer;6;2
Schweizermühlenturm;7;2
Kapuziner;8;2
Zerklüftete Wand;9;2
Pumpenwärter;10;2
Herkuleskopf;11;2
Schluchtnadel;12;2
Herkuleswand;13;2
Herkulesstein, Kleiner;14;2
Herkulesstein;15;2
Herkulessohn;16;2
Herkulessäule, Kleine;17;2
Herkulessäule, Große;18;2
Schroffer Stein, Vorderer;19;2
Schroffer Stein, Hinterer;20;2
Schraubenkopf;21;2
Wegelagerer;22;2
Leichte Zacke;23;2
Schwere Zacke;24;2
Schiefe Zacke;25;2
Schiefer Turm;26;2
Hallenkopf;27;2
Hallenstein;28;2
Sonnenwendstein;29;2
Sonny;30;2
Chinesischer Turm;31;2
Mandarin;32;2
Bewachsener Fels;33;2
Trautmannsfels;34;2
Nasser Stein;35;2
Glück-Auf-Turm;36;2
Raupe;37;2
Puppe;38;2
Kanzelturm;39;2
Schildkrötenturm;40;2
Gesuchter Turm;41;2
Kuchenturm;42;2
Ringelturm;43;2
Zarathustra Junior;44;2
Zarathustra;45;2
Daxkopf;46;2
Daxenstein;47;2
Ottostein;48;2
Mühlenwächter, Großer;49;2
Mühlenwächter, Kleiner;50;2
Rosenthaler Turm;51;2
Großvaterstuhl;52;2
Waldhorn;53;2
Stumpfer Turm;54;2
Stumpfe Keule;55;2
Stumpfer Kegel;56;2
Prometheus;57;2
Fledermausturm;58;2
Siebenschläferturm;59;2
Siebenschläferkeule;60;2
Waldschratt;61;2
Felix;62;2
Felicitas;63;2
Spannagelturm;64;2
Rabenturm;65;2
Eislochturm, Kleiner;66;2
Eislochturm, Großer;67;2
Papusspitze;68;2
Troika;69;2
Waldscheibe;70;2
Sonnenturm;71;2
Turm am Wege;72;2
Unke;73;2
Pfingstturm;74;2
Morgenstern;75;2
Jupiterturm;76;2
Fichtenkegel;77;2
Bonze;78;2
Bonzenzahn;79;2
Verlassene Wand;80;2
Felsensportnadel;81;2
Wolfskopf;82;2
Versteckte Wand;83;2
Verlassene Spitze;84;2
Birkenturm;85;2
Glücksturm, Großer;86;2
Glücksturm, Kleiner;87;2
Würfel;88;2
Hilfssheriff;89;2
Sheriff;90;2
Vergessene Spitze;91;2
Sultan;92;2
Morscher Kopf;93;2
Kalif;94;2
Scheitan;95;2
Zwerg Alberich;96;2
Stiller Kegel;97;2
Bielazwerg;98;2
Gnomkönig;99;2
Troll;100;2
Dürrebielezahn;101;2
Dürrebielewächter, Vorderer;102;2
Bewachsene Spitze;103;2
Falkenturm;104;2
Falkenwand;105;2
Dürrebielewächter, Hinterer;106;2
Kiebitz;107;2
Nymphe;108;2
Gespaltener Turm;109;2
Glatter Kegel;110;2
Pfifferling;111;2
Stinkmorchel;112;2
Waldkauz;113;2
Zwei Horzel;114;2
Schildbürger;115;2
Blatt;116;2
Planspitze;117;2
Pokal;118;2
Mittelwandnadel;119;2
Mittelwand;120;2
Mittelwandscheibe;121;2
Schiefe Nadel;122;2
Schwarzbeerturm;123;2
Setzling;124;2
Nussknacker;125;2
Dürrebielenadel;126;2
Dürrebielewand;127;2
Ringelspitze;128;2
Elisabethspitze;129;2
Falkenspitze;130;2
Fraktur;131;2
Schwarze Wand;132;2
Sommerstein;133;2
Dürrebieleturm;134;2
Ameisenstein;135;2
Gralsburg, NO-Zinne;136;2
Gralsburg, SW-Zinne;137;2
Waldtorturm;138;2
Waldtornadel, Nördliche;139;2
Turm der Felsenbrüder;140;2
Waldtornadel, Südliche;141;2
Hansenstein;142;2
Akropolis;143;2
Archimedes;144;2
Praxedis;145;2
Euklid;146;2
Perikles;147;2
Sokrates;148;2
Xerxes;149;2
Grenzwegwächter;150;2
Waldpfeiler;151;2
Grenzturm, Kleiner;152;2
Grenzkegel;153;2
Grenznadel;154;2
Grenzturm, Großer;155;2
Einsame Nadel;156;2
Titan;157;2
Goliath;158;2
David;159;2
Cima;160;2
Castello;161;2
Burgener Turm;162;2
Adam und Eva;163;2
Falkennadel;164;2
Adlerkopf;165;2
Wachsamer Förster;166;2
Kastenturm;167;2
Waldkegel;168;2
Liebespaar, Südturm;169;2
Liebespaar, Nordturm;170;2
Liebesknochen;171;2
Schneespitze;172;2
Schneewand;173;2
Bielascheibe;174;2
Waldnadel;175;2
Osterkegel;176;2
Bielazinne;177;2
Herbstturm;178;2
Grüne Zinne;179;2
Herbstspitze;180;2
Grauer Turm;181;2
Waldturm;182;2
Juliturm;183;2
Schwarzmühlenspitze;184;2
Schwarzmühlenwächter;185;2
Kubulus;186;2
Arnsteiner Turm;187;2
Harmonienadel;188;2
Rumpelstilz;189;2
Harmoniekopf;190;2
Zinne, Kleine;191;2
Zinne, Große;192;2
Zinne, Südwestliche;193;2
Pagode;194;2
Mäuseturm;195;2
Glasergrundwand;196;2
Glasergrundwarte;197;2
Glatte Keule;198;2
Krallenturm;199;2
Glasergrundnadel;200;2
Wilde Zacke;201;2
Lochsteinwächter;202;2
Lochstein;203;2
Unbenannter Turm;204;2
Glasergrundwächter;205;2
Adlerstein;206;2
Himmelfahrtsturm;207;2
Bär;208;2
Wigwam;209;2
Wormsbergwächter;210;2
Glasergrundspitze;211;2
Schaftwaldturm;212;2
Nadel im Abseits;213;2
Horzelbub;214;2
Lausbub;215;2
Semperhexe;216;2
Bergstation;217;2
Schöne Nadel;218;2
Glasergrundscheibe;219;2
Totenkopf;220;2
Waldwächter;221;2
Uhustein;222;2
Waldzahn;223;2
Wiesenstein, Südlicher;224;2
Wiesenstein, Mittlerer;225;2
Wiesenturm;226;2
Hauptwiesenstein;227;2
Wiesenstein, Nördlicher;228;2
Wiesenstein, Hinterer;229;2
Wiesenkopf;230;2
Zauberberg;231;2
Pötzschturm;232;2
Johanniskegel;233;2
Johannisturm;234;2
Friederike;235;2
Fritziturm;236;2
Mauerblümchen;237;2
Johannismauer;238;2
Johanniskopf;239;2
Morsche Wand;240;2
Artariastein;241;2
Schusterturm;242;2
Bielawächter;243;2
Sachsenspitze;244;2
Baumschulenturm;245;2
Baumschulenwächter;246;2
Baumschulenwarte;247;2
Doggenturm;248;2
Backfisch;249;2
Hüttenwart;1;3
Zahnsgrundwächter;2;3
Götze;3;3
Zahnsgrundturm;4;3
Schießgrundscheibe;5;3
Hirschzahn;6;3
Rübezahlkeule;7;3
Rübezahl;8;3
Steinschluchtwand;9;3
Obrigenwand;10;3
Torstein, Vorderer;11;3
Meurerturm;12;3
Kesselturm;13;3
Kelch;14;3
Flasche;15;3
Bierdeckel;16;3
Viererturm;17;3
Spitzer Turm;18;3
Unbenannte Spitze;19;3
Max und Moritz;20;3
Zackenkrone;21;3
Schrammtorwächter;22;3
Schrammtorfreund;23;3
Ostervorturm;24;3
Osterturm, Südlicher;25;3
Osterturm, Nördlicher;26;3
Fotografenspitze;27;3
Schrammturm, Südlicher;28;3
Schrammturm, Westlicher;29;3
Schrammturm, Östlicher;30;3
Schrammturm, Nördlicher;31;3
Dreifingerturm;32;3
Jubiläumsturm;33;3
Torsteinscheibe;34;3
Schrammsteinnadel;35;3
Schrammsteinkegel;36;3
Golem;37;3
Schrammsteinscheibe;38;3
Nichte;39;3
Schrammsteinwächter;40;3
Neffe;41;3
Wetterhaube;42;3
Mädel;43;3
Eunuch;44;3
Jungfer;45;3
Wildschützenkopf;46;3
Wildschützennadel;47;3
Säule;48;3
Satan;49;3
Schrammsteinturm;50;3
Sonnenspitze;51;3
Neptun;52;3
Wandwächter;53;3
Regenturm;54;3
Torsteinkegel, Hinterer;55;3
Gespaltener Kegel;56;3
Saurier;57;3
Baustein;58;3
Müllerstein;59;3
Mittelturm;60;3
Sonnenwendkegel;61;3
Schwager;62;3
Onkel;63;3
Tante;64;3
Torsteinkegel, Vorderer;65;3
Bergfex;66;3
Drohne;67;3
Torstein, Mittlerer;68;3
Torstein, Hoher;69;3
Falkenstein;70;3
Turnernadel;71;3
Zinne;72;3
Knabe;73;3
Lagerwächter, Oberer;74;3
Lagerwächter, Mittlerer;75;3
Lagerwächter, Unterer;76;3
Kirnitzschturm;77;3
Kladderadatsch;78;3
Kirnitzschwand;79;3
Schweinskopf;80;3
Elbtalturm;1;4
Elbtalwächter;2;4
Elbtalhorn;3;4
Spitzkegel;4;4
Teufelsturm;5;4
Hohe Wand;6;4
Breite-Kluft-Wand;7;4
Breite-Kluft-Turm;8;4
Rauschenspitze;9;4
Rauschenkuppe;10;4
Rauschenturm, Westlicher;11;4
Rauschenturm, Östlicher;12;4
Eckzahn;13;4
Schützelkopf;14;4
Nachbar;15;4
Rauschentorwächter;16;4
Klimmerstein;17;4
Wachturm, Südwestlicher;18;4
Wachturm, Nordöstlicher;19;4
Rauschenstein;20;4
Winklerturm;21;4
Rauschengrundkegel;22;4
Bergkristall;23;4
Stülpner;24;4
Doppelturm;25;4
Rauschengrundnadel;26;4
Rauschenkopf;27;4
Falknerturm, Großer;28;4
Falknerturm, Kleiner;29;4
Pionierturm;30;4
Rotkehlchenturm;31;4
Stiegenwächter;32;4
Ülmtülp;33;4
Nebelturm;34;4
Turm am Verborgenen Horn;35;4
Heringsschwanz;36;4
Heringsgrundnadel;37;4
Muschelkopf;38;4
Brechstange;39;4
Windspitze;40;4
Heiliger Wenzel;41;4
Alter Bock;42;4
Bussard;43;4
Bussardwand;44;4
Bussardturm, Hinterer;45;4
Bussardturm, Mittlerer;46;4
Bussardturm, Vorderer;47;4
Rauschensteiner Turm;48;4
Flohspitze;49;4
Heringsgrundwächter;50;4
Heringsgrundscheibe;51;4
Dorn;52;4
Gerbingspitze;53;4
Bonbon;54;4
Fluchtwand;55;4
Flüchtling;56;4
Pfadfinder;57;4
Neue Wenzelwand;58;4
Schneeberger Spitze;59;4
Schneeberger Nadel;60;4
Schneeberger Turm, Hinterer;61;4
Schneeberger Turm, Vorderer;62;4
Schartenkopf, Kleiner;63;4
Schartenkopf, Großer;64;4
Frühlingsturm;65;4
Püschnerturm;66;4
Schwarzes Horn;67;4
Abendturm;68;4
Märchenturm;69;4
Heringsgrundhorn;70;4
Hirschquellenturm;71;4
Heringsgrundturm;72;4
Feldschmiede;73;4
Sprunghorn;74;4
Lehnnadel;75;4
Lärchenturm;76;4
Böser Turm;77;4
Lehnsteigturm, Zweiter;78;4
Lehnsteigturm, Dritter;79;4
Lolaturm;80;4
Lehnwand;81;4
Urvieh;82;4
Lehnsteignadel;83;4
Lehnscheibe;84;4
Lehnkuppel;85;4
Lehnriff;86;4
Gratturm, Großer;87;4
Steinlochwächter;88;4
Fünf Gipfel, Südturm;89;4
Fünf Gipfel, Nordwestturm;90;4
Fünf Gipfel, Nordostturm;91;4
Böhmeturm;92;4
Steinlochturm;93;4
Siamesische Zwillinge, Doof;94;4
Siamesische Zwillinge, Dick;95;4
Verborgener Turm, Vorderer;96;4
Verborgener Turm, Mittlerer;97;4
Verborgener Turm, Hinterer;98;4
Totensteiner Nadel;99;4
Verborgenes Riff;100;4
Verborgene Zinne;101;4
Schadeturm;102;4
Gratturm, Kleiner;103;4
Wurzelkopf;104;4
Gamsturm;105;4
Kapellenwandwächter;106;4
Dornröschen;107;4
Kulissenwächter;108;4
Wurzelturm;109;4
Wurzelnadel;110;4
Buchentürmchen, Unteres;111;4
Buchentürmchen, Oberes;112;4
Bachturm;113;4
Wurzelwarte;114;4
Hennefels;115;4
Coschrylenturm;116;4
Sommerturm;117;4
Winterturm;118;4
Poblätzschturm;119;4
Poblätzschspitze;120;4
Poblätzschwand;121;4
Lange Wand;122;4
Spätling, Vorderer;123;4
Spätling, Hinterer;124;4
Wand am Kipphorn;125;4
Kipphornwächter;126;4
Zufallsturm;127;4
Kraxelbrüderscheibe;1;5
Querkopf;2;5
Hirschgrundscheibe;3;5
Doktor;4;5
Patient;5;5
Assistent;6;5
Hirschgrundturm, Hinterer;7;5
Wilddieb;8;5
Hirschgrundturm, Mittlerer;9;5
Hirschgrundturm, Vorderer;10;5
Hirschgrundkegel;11;5
Scherge;12;5
Lochturm;13;5
Hirschgrundwarte;14;5
Adolf-Hermann-Fels;15;5
Wartturm;16;5
Torsteiner Turm;17;5
Margaretenspitze;18;5
Musketier;19;5
Bergpirat;20;5
Basteiturm;21;5
Sieberturm;22;5
Jahrhundertturm;23;5
Steinschleuder;24;5
Neurathener Felsentor;25;5
Tiedgestein;26;5
Mönch;27;5
Biene;28;5
Verlorener Turm;29;5
Reh;30;5
Langer Israel;31;5
Rudolf-Holtz-Turm;32;5
Basteischluchtturm;33;5
Wehlkopf;34;5
Wehlturm, Kleiner;35;5
Wehlturm, Mittlerer;36;5
Wehlturm, Großer;37;5
Taufstein;38;5
Pate;39;5
Ferdinandturm;40;5
Schwarze Säule;41;5
Aschelochturm;42;5
Felsensternscheibe;43;5
Zugvogelspitze;44;5
Felsensportturm;45;5
Basteiwächter;46;5
Wehlhorn;47;5
Höhlenturm;48;5
Doppelkopf;49;5
Wehlkegel;50;5
Hinterer Basteiturm;51;5
Schneider Wibbel;52;5
Zitronenkopf;53;5
Witzbold;54;5
Wehlscheibe;55;5
Wehlgrundspitze;56;5
Wehlgrundwächter;57;5
Grafenspitze;58;5
Grenadierturm;59;5
Wassermann;60;5
Bierturm;61;5
Axelturm;62;5
Pavillonwächter;63;5
Kanzelscheibe;64;5
Echse;65;5
Habicht;66;5
Statist;67;5
Schalk;68;5
Bergfreund;69;5
Wehlnadel;70;5
Bergfreundeturm;71;5
Souffleur;72;5
Gänseei;73;5
Plattenstein;74;5
Gansfels, Hinterer;75;5
Gansfels, Mittlerer;76;5
Gansfels, Vorderer;77;5
Ganskopf;78;5
Gansriff;79;5
Gansscheibe;80;5
Gansturm;81;5
Suleika;82;5
Emir;83;5
Raaber Turm;84;5
Scheich;85;5
Trockener Turm;86;5
Raaber Säule;87;5
Raaber Scheibe;88;5
Raaber Kegel;89;5
Kulisse;90;5
Raaber Wand;91;5
Raaber Nadel;92;5
Eule;93;5
Höllenhundscheibe;94;5
Höllenhund;95;5
Höllenhundturm, Hinterer;96;5
Höllenhundturm, Mittlerer;97;5
Höllenhundturm, Vorderer;98;5
Sechserturm;99;5
Höllenhundwächter;100;5
Maitürmchen;101;5
Mücke;102;5
Krümel;103;5
Struppi;104;5
Große-Gans-Wächter;105;5
Flax;106;5
Turm der Jugend, Westlicher;107;5
Turm der Jugend, Östlicher;108;5
Luginsland;109;5
Dresdner Turm;110;5
Rathener Warte;111;5
Maxl;112;5
Amselspitze;113;5
Vexiernadel;114;5
Vexierturm;115;5
Amselgrundnadel;116;5
Admiral;117;5
Klabautermann;118;5
Totenkirchl;119;5
Amselgrundturm;120;5
Schwedenscheibe;121;5
Schwedenturm;122;5
Storchnest;123;5
Bienenkorb;124;5
Lokomotive-Dom;125;5
Lokomotive - Esse;126;5
Lamm;127;5
Lammscheibe;128;5
Honigsteinnadel;129;5
Honigsteinturm;130;5
Honigstein;131;5
Imker;132;5
Maiturm;133;5
Honigsteinscheibe;134;5
Honigsteinkopf;135;5
Lithostein;136;5
Talwächter;137;5
Feldkopf, Westlicher;138;5
Feldkopf, Östlicher;139;5
Türkenkopf;140;5
Feldwand;141;5
Gamrigwächter;142;5
Heidestein;143;5
Gamrigkegel;144;5
Gamrigscheibe;145;5
Waltersdorfer Horn;146;5
Heidebrüderturm;147;5
Ziegenrückenturm;148;5
Buch;1;6
Postakegel;2;6
Buschholzturm;3;6
Bergfalkenturm;4;6
Einsamer Turm;5;6
Kehllochscheibe;6;6
Versteckte Spitze;7;6
Steinerner Bär;8;6
Höllengrundscheibe;9;6
Zwölfer;10;6
Tümpelgrundturm;11;6
Tümpelgrundwächter;12;6
Gelbe Wand;13;6
Tümpelgrundwand;14;6
Erikascheibe;15;6
Wetterwarte;16;6
Elbgucke;17;6
Griesgrundwächter;18;6
Osterspitze;1;7
Hocksteinnadel;2;7
Hocksteinturm;3;7
Bärengartenscheibe;4;7
Halben, Großer;5;7
Halben, Kleiner;6;7
Drachenkopf;7;7
Riesenechse;8;7
Brandpyramide;9;7
Ameise;10;7
Ameisenwand;11;7
Steinbruchnadel;12;7
Steinbruchturm;13;7
Grüner Stein;14;7
Berken-von-der-Duba-Wacht;15;7
Elefant;16;7
Nashorn;17;7
Clementine;18;7
Schluchtturm;19;7
Kolosseum;20;7
Polenzwacht;21;7
Falkenwarte;22;7
Auerhahnfels;23;7
Anstand;24;7
Pantinenturm;25;7
Polenztalbarbarine;26;7
Polenztalwächter;27;7
Räumichtturm;28;7
Archipel;29;7
Gespaltene Zinne;30;7
Panoramafels;31;7
Begangsteigriff;32;7
Kobold;33;7
Neuwegwand;34;7
Silvesterturm;35;7
Saugrundspitze;36;7
Neuwegkanzel;37;7
Saugrundwächter;38;7
Schwarzwildturm;39;7
Verlassener Turm;40;7
Einsamer Stein;41;7
Glatter Steinturm;42;7
Tonne;43;7
Spund;44;7
Drillingsturm;45;7
Dezemberturm;46;7
Geyergucke;47;7
Hans-Arno-Stein;48;7
Winkelturm;49;7
Tiefblickspitze;50;7
Spanische Wand;51;7
Loriturm;52;7
Brandscheibe;53;7
Brandscheibe, Kleine;54;7
Hexe;55;7
Zeigefinger;56;7
Barbarine, Kleine;57;7
Viermännerturm;58;7
Ahornspitze;59;7
Hafersackkrone;60;7
Brandkegel;61;7
Brandkopf;62;7
Brandturm;63;7
Auguste;64;7
August;65;7
Hunskirchlerspitze;66;7
Dastellochturm;67;7
Tiefer-Grund-Turm;68;7
Tiefer-Grund-Wächter;69;7
Tiefe Wand;70;7
Forstgrabenwand;71;7
Forstgrabenturm;72;7
Waitzdorfer Zinne;73;7
Lärmchenturm;74;7
Michaelistagstein;75;7
Ochelscheibe;76;7
Ochelturm;77;7
Popanz;78;7
Ochelspitze;79;7
Bonifaz;80;7
Berg-Frei-Turm;81;7
Schinderkopf;82;7
Promon;83;7
Bahnhofswächter;84;7
Winterbergscheibe;0;8
Doppeltürmchen;1;8
Winterbergspitze, Obere;2;8
Winterbergspitze, Untere;3;8
Winterbergwächter;4;8
Gleitmannsturm, Nördlicher;5;8
Gleitmannsturm, Südlicher;6;8
Sammlerwand;7;8
Winterbergnadel;8;8
Versteckter Turm, Vorderer;9;8
Versteckter Turm, Hinterer;10;8
Heringsteinkegel;11;8
Prinz Karneval;12;8
Sprotte;13;8
Heringstein;14;8
Bewachsener Turm;15;8
Heringsturm;16;8
Heringshorn;17;8
Försterlochturm;18;8
Pilzturm;19;8
Bärenhorn, Kleines;20;8
Bärenhorn, Großes;21;8
Herbertfels;22;8
Seife;23;8
Elfiturm;24;8
Kathinkaturm;25;8
Meilensäule;26;8
Bärfangkanzel;27;8
Frühlingswand;28;8
Pechofenhorn, Vorderes;29;8
Hexenspitze;30;8
Pechschluchtturm;31;8
Sumpfporstkegel;32;8
Pechofenscheibe;33;8
Köhler;34;8
Pechofenstein;35;8
Pechofenwarte;36;8
Pechofenspitze;37;8
Pechofenhorn, Hinteres;38;8
Wartburg;39;8
Wintersteinwächter;40;8
Bärfangkegel;41;8
Bärfangwarte;42;8
Zauberstab;43;8
Moses;44;8
Goldstein;1;9
Kaaba;2;9
Spitzes Horn, Großes;3;9
Spitzes Horn, Kleines;4;9
Goldsteigsäule;5;9
Spitzhübel;6;9
Goldsteigwächter;7;9
Meilerstein;8;9
Waldgeist;9;9
Goldsteighorn;10;9
Richterschluchtkopf;11;9
Richterschluchtkegel;12;9
Richterschluchtturm;13;9
Grottenwächter;14;9
Grenzwand;15;9
Schwarze Zinne;16;9
Spätes Horn;17;9
Jortanshorn, Kleines;18;9
Zschandgendarm;19;9
Jortanshorn;20;9
Oktoberspitze;21;9
Jortansriff;22;9
Jortansturm;23;9
Gratwand;24;9
Schartenturm;25;9
Fensterturm;26;9
Sporn;27;9
Weberschluchtwächter;28;9
Adventspitze;29;9
Lößnitzturm;30;9
Blaues Horn;31;9
Zweifreundespitze;32;9
Weberschluchtturm;33;9
Weberschluchtkegel;34;9
Zweikiefernturm;35;9
Kleiner Turm;36;9
Weberschluchtstein;37;9
Sommerwand;38;9
Portalturm;39;9
Freundschaftsnadel;40;9
Großlitzner;41;9
Seehorn, Großes;42;9
Seehorn, Kleines;43;9
Zschandnadel;44;9
Weißer Turm;45;9
Weiße Spitze;46;9
Sandschlüchtehorn;47;9
Sandschlüchteturm;48;9
Kampfturm;49;9
Auerhahn;50;9
Kampfturmwächter;51;9
Bergfreundschaftsstein;52;9
Bergfreundschaftskegel;53;9
Auerhahnwand;54;9
Adlerlochturm;55;9
Wobstspitze;56;9
Schwarzschlüchteturm;57;9
Schwarze Spitze;58;9
Christelschluchtnadel;59;9
Zeichengrundspitze;60;9
Zeichengrundturm;61;9
Hickelturm, Unterer;62;9
Hickelturm, Vorderer;63;9
Langes Horn;64;9
Hickelturm, Hinterer;65;9
Dreiblockstein;66;9
Hickelkopf;67;9
Edelweißturm, Kleiner;68;9
Edelweißturm, Großer;69;9
Klingermassiv;70;9
Litfaßsäule;71;9
Krampus;72;9
Hirschsuhlenturm;73;9
Tarzan;74;9
Reitsteigwächter;75;9
Thorwalder Wächter;76;9
Thorwalder Turm;77;9
Brötchen;78;9
Backofen;79;9
Erreichtturm;80;9
Gewitterstein;81;9
Pfingststein;82;9
Thorwaldstein;83;9
Thorwaldwand;84;9
Dreiwinkelgrundwächter;85;9
Dreiwinkelgrundturm;86;9
Schreckensteiner Turm;87;9
Weißhorn;0;10
Höllentor;0;10
Wotan;0;10
Nordstern;0;10
Vagabund;1;10
Hallodri;2;10
Lehnhorn;3;10
Lehnwächter;4;10
Lorenzsporn;5;10
Lorenzwand;6;10
Lorenzriff;7;10
Lorenznadel;8;10
Lorenzturm, Vorderer;9;10
Lorenzturm, Hinterer;10;10
Toter Turm;11;10
Dickwanst;12;10
Spieß;13;10
Promenadenturm;14;10
Promenadenspitze;15;10
Promenadensäule;16;10
Wackerzacke;17;10
Wilder-Grund-Turm;18;10
Affenwand;19;10
Domerker;20;10
Domkanzel;21;10
Domwächter;22;10
Rohnspitze;23;10
Küster;24;10
Dompfeiler;25;10
Trabant;26;10
Zerborstener Turm, Erster;27;10
Zerborstene Nadel;28;10
Zerborstener Turm, Zweiter;29;10
Gespaltener Kopf;30;10
Zerborstener Stein;31;10
Zerborstene Wand;32;10
Furz;33;10
Steinmetz;34;10
Zerborstene Scheibe;35;10
Domnadel;36;10
Däumling;37;10
Dompfaff;38;10
Domspitze;39;10
Zitadelle;40;10
Sandlochturm;41;10
Sandlochscheibe;42;10
Sandlochwächter;43;10
Insel;44;10
Vandale;45;10
Höllenwand;46;10
Höllenturm;47;10
Ameisenturm;48;10
Hähnelspitze;49;10
Beelzebub;50;10
Hauptdrilling;51;10
Härtelturm;52;10
Schuellernadel;53;10
Friensteiner Zacken;54;10
Wilde Zinne;55;10
Wilder Kopf;56;10
Rokokoturm;57;10
Glatze;58;10
Friseur;59;10
Partisan;60;10
Panoramaturm;61;10
Freier Turm;62;10
Freie Wand;63;10
Flachsköpfe;64;10
Brosinnadel;65;10
Amboß;66;10
Teufelsspitze;67;10
Brückenturm;68;10
Jammerspitze;69;10
Leuchterweibchen-Vorkopf;70;10
Leuchterweibchen, Vorderes;71;10
Leuchterweibchen, Hinteres;72;10
Veteran;73;10
Dämon;74;10
Gipfelbubenkopf;75;10
Bauerlochturm;76;10
Nonnengärtner;77;10
Bloszstock;78;10
Kreuzturm;79;10
Morsche Zinne;80;10
Falsche Zinne;81;10
Klosterwächter;82;10
Affenhorn;83;10
Knochenturm;84;10
Wolfsturm;85;10
Wolfsnadel;86;10
Backzahn;87;10
Affenstein;88;10
Wolfsspitze;89;10
Wolfsfalle;90;10
Gamshornspitze;91;10
Hentzschelturm;92;10
Gamshornwächter;93;10
Satanskopf;94;10
Turm der Freundschaft;95;10
Greenhorn;96;10
Heidelbeerturm;97;10
Verwitterter Turm;98;10
Amboß, Kleiner;99;10
Frienstein;100;10
Friensteinwächter;101;10
Untertan;102;10
Friensteinwarte;103;10
Grottenwart;104;10
Friensteinkegel;105;10
Vergessener Kegel;106;10
Schandauer Turm;107;10
Rollenturm;108;10
Siegfried;109;10
Bergfried;110;10
Bergfriednadel;111;10
Wespenturm;112;10
Winterbergbarbarine;113;10
Rauschensteiner Nadel;114;10
Rübezahlturm;115;10
Dieb;1;11
Pascher;2;11
Grenzwächter;3;11
Grenzspitze;4;11
Hellendorfer Nadel;5;11
Mordspitze;6;11
Bahratalwand;7;11
Spitzbub;8;11
Vierkant;9;11
Gendarm;10;11
Kuckuckstein;11;11
Berggießhübler Turm, Östlicher;12;11
Berggießhübler Turm, Westlicher;13;11
Felsenbrückenturm;14;11
Giesensteinwand;15;11
Brandstein;16;11
Heidematz;1;12
Steinbachturm;2;12
Heidewand;3;12
Wildensteinscheibe;4;12
Münzstein;5;12
Glocke;6;12
Glöckner;7;12
Wildspitze;8;12
Wilderer;9;12
Zyklopenmauer;10;12
Ochsenkopf;11;12
Wildensteinwand;12;12
Blasketurm;13;12
Hebamme;14;12
Kuhstallscheibe;15;12
Hohler Turm;16;12
Hausbergwächter;17;12
Yeti;18;12
Großsteinnadel;19;12
Rabentürmchen;20;12
Lorenzsteinnadel;21;12
Lorenzstein, Großer;22;12
Lorenzstein, Kleiner;23;12
Monolith;24;12
Slawe;25;12
Germane;26;12
Zschandspitze;27;12
Teichsteinnadel;28;12
Teichsteinwächter;29;12
Dunkle Wand;30;12
Kanstein-Vorgipfel;31;12
Kansteinnadel;32;12
Regenstein;33;12
Keil;34;12
E-Flügel-Wand;34;12
Rätselturm;35;12
Störznerfels;36;12
Buschmühlenturm;37;12
Grünling;38;12
Städelschlüchteturm;39;12
Eremit;40;12
Kleinsteinwand;41;12
Zätzschenhornstein;42;12
Scheibe am Tellerhörnel;1;13
Dorfbachstein;2;13
Dorfbachwand;3;13
Keule;4;13
Wildkatzenspitze;5;13
Gemeinschaftsturm;6;13
Kirnitzschkegel;7;13
Rabensteinturm;8;13
Raubschütznadel;9;13
Raubschützturm;10;13
Gamskopf;11;13
Hinterhermsdorfer Turm;12;13
Grüner Wenzel;13;13
Hollturm;14;13
Eisenspitze;15;13
Dreibrüderstein;16;13
Dreibrüderstein, Unterer;17;13
